Team,Date,Time,Opponent,Location,HomeAway
Varsity,2026-03-03,3:30 PM,Golden Valley,Hart HS Field,Home
Varsity,2026-03-06,4:00 PM,Saugus,Saugus HS,Away
Varsity,2026-03-10,3:30 PM,Valencia,Hart HS Field,Home
Varsity,2026-03-17,4:00 PM,Canyon,Canyon HS,Away
JV,2026-03-03,3:30 PM,Golden Valley,Hart HS Field,Home
JV,2026-03-06,4:00 PM,Saugus,Saugus HS,Away
JV,2026-03-12,3:30 PM,West Ranch,Hart HS Field,Home
Freshman,2026-03-04,3:15 PM,Golden Valley,Hart HS Field,Home
Freshman,2026-03-11,3:15 PM,Valencia,Valencia HS,Away
